archivo,tipo,url
G01_1.jpg,imagen,https://raw.githubusercontent.com/api6-gif/requiez-catalogo-a26/main/imagenes/G01_1.jpg
G01_2.jpg,imagen,https://raw.githubusercontent.com/api6-gif/requiez-catalogo-a26/main/imagenes/G01_2.jpg
G01_3.jpg,imagen,https://raw.githubusercontent.com/api6-gif/requiez-catalogo-a26/main/imagenes/G01_3.jpg
G01_4.jpg,imagen,https://raw.githubusercontent.com/api6-gif/requiez-catalogo-a26/main/imagenes/G01_4.jpg
G02_1.jpg,imagen,https://raw.githubusercontent.com/api6-gif/requiez-catalogo-a26/main/imagenes/G02_1.jpg
G02_2.jpg,imagen,https://raw.githubusercontent.com/api6-gif/requiez-catalogo-a26/main/imagenes/G02_2.jpg
G02_3.jpg,imagen,https://raw.githubusercontent.com/api6-gif/requiez-catalogo-a26/main/imagenes/G02_3.jpg
G02_4.jpg,imagen,https://raw.githubusercontent.com/api6-gif/requiez-catalogo-a26/main/imagenes/G02_4.jpg
G03_1.jpg,imagen,https://raw.githubusercontent.com/api6-gif/requiez-catalogo-a26/main/imagenes/G03_1.jpg
G03_2.jpg,imagen,https://raw.githubusercontent.com/api6-gif/requiez-catalogo-a26/main/imagenes/G03_2.jpg
G03_3.jpg,imagen,https://raw.githubusercontent.com/api6-gif/requiez-catalogo-a26/main/imagenes/G03_3.jpg
G03_4.jpg,imagen,https://raw.githubusercontent.com/api6-gif/requiez-catalogo-a26/main/imagenes/G03_4.jpg
G04_1.jpg,imagen,https://raw.githubusercontent.com/api6-gif/requiez-catalogo-a26/main/imagenes/G04_1.jpg
G04_2.jpg,imagen,https://raw.githubusercontent.com/api6-gif/requiez-catalogo-a26/main/imagenes/G04_2.jpg
G04_3.jpg,imagen,https://raw.githubusercontent.com/api6-gif/requiez-catalogo-a26/main/imagenes/G04_3.jpg
G04_4.jpg,imagen,https://raw.githubusercontent.com/api6-gif/requiez-catalogo-a26/main/imagenes/G04_4.jpg
G05_1.jpg,imagen,https://raw.githubusercontent.com/api6-gif/requiez-catalogo-a26/main/imagenes/G05_1.jpg
G05_2.jpg,imagen,https://raw.githubusercontent.com/api6-gif/requiez-catalogo-a26/main/imagenes/G05_2.jpg
G05_3.jpg,imagen,https://raw.githubusercontent.com/api6-gif/requiez-catalogo-a26/main/imagenes/G05_3.jpg
G05_4.jpg,imagen,https://raw.githubusercontent.com/api6-gif/requiez-catalogo-a26/main/imagenes/G05_4.jpg
G06_1.jpg,imagen,https://raw.githubusercontent.com/api6-gif/requiez-catalogo-a26/main/imagenes/G06_1.jpg
G06_2.jpg,imagen,https://raw.githubusercontent.com/api6-gif/requiez-catalogo-a26/main/imagenes/G06_2.jpg
G06_3.jpg,imagen,https://raw.githubusercontent.com/api6-gif/requiez-catalogo-a26/main/imagenes/G06_3.jpg
G06_4.jpg,imagen,https://raw.githubusercontent.com/api6-gif/requiez-catalogo-a26/main/imagenes/G06_4.jpg
G07_1.jpg,imagen,https://raw.githubusercontent.com/api6-gif/requiez-catalogo-a26/main/imagenes/G07_1.jpg
G07_2.jpg,imagen,https://raw.githubusercontent.com/api6-gif/requiez-catalogo-a26/main/imagenes/G07_2.jpg
G07_3.jpg,imagen,https://raw.githubusercontent.com/api6-gif/requiez-catalogo-a26/main/imagenes/G07_3.jpg
G07_4.jpg,imagen,https://raw.githubusercontent.com/api6-gif/requiez-catalogo-a26/main/imagenes/G07_4.jpg
G08_1.jpg,imagen,https://raw.githubusercontent.com/api6-gif/requiez-catalogo-a26/main/imagenes/G08_1.jpg
G08_2.jpg,imagen,https://raw.githubusercontent.com/api6-gif/requiez-catalogo-a26/main/imagenes/G08_2.jpg
G08_3.jpg,imagen,https://raw.githubusercontent.com/api6-gif/requiez-catalogo-a26/main/imagenes/G08_3.jpg
G09_1.jpg,imagen,https://raw.githubusercontent.com/api6-gif/requiez-catalogo-a26/main/imagenes/G09_1.jpg
G09_2.jpg,imagen,https://raw.githubusercontent.com/api6-gif/requiez-catalogo-a26/main/imagenes/G09_2.jpg
G09_3.jpg,imagen,https://raw.githubusercontent.com/api6-gif/requiez-catalogo-a26/main/imagenes/G09_3.jpg
G10_1.png,imagen,https://raw.githubusercontent.com/api6-gif/requiez-catalogo-a26/main/imagenes/G10_1.png
G11_1.png,imagen,https://raw.githubusercontent.com/api6-gif/requiez-catalogo-a26/main/imagenes/G11_1.png
G13_1.jpg,imagen,https://raw.githubusercontent.com/api6-gif/requiez-catalogo-a26/main/imagenes/G13_1.jpg
G13_2.jpg,imagen,https://raw.githubusercontent.com/api6-gif/requiez-catalogo-a26/main/imagenes/G13_2.jpg
G14_1.jpg,imagen,https://raw.githubusercontent.com/api6-gif/requiez-catalogo-a26/main/imagenes/G14_1.jpg
G14_2.jpg,imagen,https://raw.githubusercontent.com/api6-gif/requiez-catalogo-a26/main/imagenes/G14_2.jpg
G15_1.jpg,imagen,https://raw.githubusercontent.com/api6-gif/requiez-catalogo-a26/main/imagenes/G15_1.jpg
G15_2.jpg,imagen,https://raw.githubusercontent.com/api6-gif/requiez-catalogo-a26/main/imagenes/G15_2.jpg
G15_3.jpg,imagen,https://raw.githubusercontent.com/api6-gif/requiez-catalogo-a26/main/imagenes/G15_3.jpg
G16_1.jpg,imagen,https://raw.githubusercontent.com/api6-gif/requiez-catalogo-a26/main/imagenes/G16_1.jpg
G16_2.jpg,imagen,https://raw.githubusercontent.com/api6-gif/requiez-catalogo-a26/main/imagenes/G16_2.jpg
G16_3.jpg,imagen,https://raw.githubusercontent.com/api6-gif/requiez-catalogo-a26/main/imagenes/G16_3.jpg
G17_1.jpg,imagen,https://raw.githubusercontent.com/api6-gif/requiez-catalogo-a26/main/imagenes/G17_1.jpg
G17_2.jpg,imagen,https://raw.githubusercontent.com/api6-gif/requiez-catalogo-a26/main/imagenes/G17_2.jpg
G17_3.jpg,imagen,https://raw.githubusercontent.com/api6-gif/requiez-catalogo-a26/main/imagenes/G17_3.jpg
G18_1.jpg,imagen,https://raw.githubusercontent.com/api6-gif/requiez-catalogo-a26/main/imagenes/G18_1.jpg
G20_1.jpg,imagen,https://raw.githubusercontent.com/api6-gif/requiez-catalogo-a26/main/imagenes/G20_1.jpg
G20_2.jpg,imagen,https://raw.githubusercontent.com/api6-gif/requiez-catalogo-a26/main/imagenes/G20_2.jpg
G20_3.jpg,imagen,https://raw.githubusercontent.com/api6-gif/requiez-catalogo-a26/main/imagenes/G20_3.jpg
G20_4.jpg,imagen,https://raw.githubusercontent.com/api6-gif/requiez-catalogo-a26/main/imagenes/G20_4.jpg
G20_5.png,imagen,https://raw.githubusercontent.com/api6-gif/requiez-catalogo-a26/main/imagenes/G20_5.png
G20_6.png,imagen,https://raw.githubusercontent.com/api6-gif/requiez-catalogo-a26/main/imagenes/G20_6.png
G21_1.jpg,imagen,https://raw.githubusercontent.com/api6-gif/requiez-catalogo-a26/main/imagenes/G21_1.jpg
G21_2.jpg,imagen,https://raw.githubusercontent.com/api6-gif/requiez-catalogo-a26/main/imagenes/G21_2.jpg
G21_3.png,imagen,https://raw.githubusercontent.com/api6-gif/requiez-catalogo-a26/main/imagenes/G21_3.png
G21_4.jpg,imagen,https://raw.githubusercontent.com/api6-gif/requiez-catalogo-a26/main/imagenes/G21_4.jpg
G21_5.jpg,imagen,https://raw.githubusercontent.com/api6-gif/requiez-catalogo-a26/main/imagenes/G21_5.jpg
G21_6.png,imagen,https://raw.githubusercontent.com/api6-gif/requiez-catalogo-a26/main/imagenes/G21_6.png
G22_1.jpg,imagen,https://raw.githubusercontent.com/api6-gif/requiez-catalogo-a26/main/imagenes/G22_1.jpg
G22_2.jpg,imagen,https://raw.githubusercontent.com/api6-gif/requiez-catalogo-a26/main/imagenes/G22_2.jpg
G22_3.png,imagen,https://raw.githubusercontent.com/api6-gif/requiez-catalogo-a26/main/imagenes/G22_3.png
G22_4.jpg,imagen,https://raw.githubusercontent.com/api6-gif/requiez-catalogo-a26/main/imagenes/G22_4.jpg
G22_5.jpg,imagen,https://raw.githubusercontent.com/api6-gif/requiez-catalogo-a26/main/imagenes/G22_5.jpg
G22_6.png,imagen,https://raw.githubusercontent.com/api6-gif/requiez-catalogo-a26/main/imagenes/G22_6.png
G23_1.png,imagen,https://raw.githubusercontent.com/api6-gif/requiez-catalogo-a26/main/imagenes/G23_1.png
G23_2.png,imagen,https://raw.githubusercontent.com/api6-gif/requiez-catalogo-a26/main/imagenes/G23_2.png
G26_1.jpg,imagen,https://raw.githubusercontent.com/api6-gif/requiez-catalogo-a26/main/imagenes/G26_1.jpg
G26_2.jpg,imagen,https://raw.githubusercontent.com/api6-gif/requiez-catalogo-a26/main/imagenes/G26_2.jpg
G26_3.png,imagen,https://raw.githubusercontent.com/api6-gif/requiez-catalogo-a26/main/imagenes/G26_3.png
G26_4.png,imagen,https://raw.githubusercontent.com/api6-gif/requiez-catalogo-a26/main/imagenes/G26_4.png
G26_5.jpg,imagen,https://raw.githubusercontent.com/api6-gif/requiez-catalogo-a26/main/imagenes/G26_5.jpg
G26_6.jpg,imagen,https://raw.githubusercontent.com/api6-gif/requiez-catalogo-a26/main/imagenes/G26_6.jpg
G27_1.jpg,imagen,https://raw.githubusercontent.com/api6-gif/requiez-catalogo-a26/main/imagenes/G27_1.jpg
G27_2.jpg,imagen,https://raw.githubusercontent.com/api6-gif/requiez-catalogo-a26/main/imagenes/G27_2.jpg
G27_3.jpg,imagen,https://raw.githubusercontent.com/api6-gif/requiez-catalogo-a26/main/imagenes/G27_3.jpg
G27_4.jpg,imagen,https://raw.githubusercontent.com/api6-gif/requiez-catalogo-a26/main/imagenes/G27_4.jpg
G28_1.jpg,imagen,https://raw.githubusercontent.com/api6-gif/requiez-catalogo-a26/main/imagenes/G28_1.jpg
G28_2.jpg,imagen,https://raw.githubusercontent.com/api6-gif/requiez-catalogo-a26/main/imagenes/G28_2.jpg
G28_3.jpg,imagen,https://raw.githubusercontent.com/api6-gif/requiez-catalogo-a26/main/imagenes/G28_3.jpg
G28_4.jpg,imagen,https://raw.githubusercontent.com/api6-gif/requiez-catalogo-a26/main/imagenes/G28_4.jpg
G29_1.jpg,imagen,https://raw.githubusercontent.com/api6-gif/requiez-catalogo-a26/main/imagenes/G29_1.jpg
G29_2.jpg,imagen,https://raw.githubusercontent.com/api6-gif/requiez-catalogo-a26/main/imagenes/G29_2.jpg
G29_3.png,imagen,https://raw.githubusercontent.com/api6-gif/requiez-catalogo-a26/main/imagenes/G29_3.png
G29_4.png,imagen,https://raw.githubusercontent.com/api6-gif/requiez-catalogo-a26/main/imagenes/G29_4.png
G29_5.jpg,imagen,https://raw.githubusercontent.com/api6-gif/requiez-catalogo-a26/main/imagenes/G29_5.jpg
G29_6.png,imagen,https://raw.githubusercontent.com/api6-gif/requiez-catalogo-a26/main/imagenes/G29_6.png
G30_1.jpg,imagen,https://raw.githubusercontent.com/api6-gif/requiez-catalogo-a26/main/imagenes/G30_1.jpg
G30_2.jpg,imagen,https://raw.githubusercontent.com/api6-gif/requiez-catalogo-a26/main/imagenes/G30_2.jpg
G31_1.jpg,imagen,https://raw.githubusercontent.com/api6-gif/requiez-catalogo-a26/main/imagenes/G31_1.jpg
G32_1.jpg,imagen,https://raw.githubusercontent.com/api6-gif/requiez-catalogo-a26/main/imagenes/G32_1.jpg
G32_11.jpg,imagen,https://raw.githubusercontent.com/api6-gif/requiez-catalogo-a26/main/imagenes/G32_11.jpg
G32_3.jpg,imagen,https://raw.githubusercontent.com/api6-gif/requiez-catalogo-a26/main/imagenes/G32_3.jpg
G32_5.jpg,imagen,https://raw.githubusercontent.com/api6-gif/requiez-catalogo-a26/main/imagenes/G32_5.jpg
G32_7.jpg,imagen,https://raw.githubusercontent.com/api6-gif/requiez-catalogo-a26/main/imagenes/G32_7.jpg
G32_9.jpg,imagen,https://raw.githubusercontent.com/api6-gif/requiez-catalogo-a26/main/imagenes/G32_9.jpg
G33_1.jpg,imagen,https://raw.githubusercontent.com/api6-gif/requiez-catalogo-a26/main/imagenes/G33_1.jpg
G33_1.png,imagen,https://raw.githubusercontent.com/api6-gif/requiez-catalogo-a26/main/imagenes/G33_1.png
G35_2.jpg,imagen,https://raw.githubusercontent.com/api6-gif/requiez-catalogo-a26/main/imagenes/G35_2.jpg
G35_3.png,imagen,https://raw.githubusercontent.com/api6-gif/requiez-catalogo-a26/main/imagenes/G35_3.png
G35_4.png,imagen,https://raw.githubusercontent.com/api6-gif/requiez-catalogo-a26/main/imagenes/G35_4.png
G40_1.jpg,imagen,https://raw.githubusercontent.com/api6-gif/requiez-catalogo-a26/main/imagenes/G40_1.jpg
G40_2.jpg,imagen,https://raw.githubusercontent.com/api6-gif/requiez-catalogo-a26/main/imagenes/G40_2.jpg
G40_4.jpg,imagen,https://raw.githubusercontent.com/api6-gif/requiez-catalogo-a26/main/imagenes/G40_4.jpg
G40_5.jpg,imagen,https://raw.githubusercontent.com/api6-gif/requiez-catalogo-a26/main/imagenes/G40_5.jpg
G01.pdf,ficha_tecnica,https://raw.githubusercontent.com/api6-gif/requiez-catalogo-a26/main/fichas-tecnicas/G01.pdf
G03.pdf,ficha_tecnica,https://raw.githubusercontent.com/api6-gif/requiez-catalogo-a26/main/fichas-tecnicas/G03.pdf
G06.pdf,ficha_tecnica,https://raw.githubusercontent.com/api6-gif/requiez-catalogo-a26/main/fichas-tecnicas/G06.pdf
G18.pdf,ficha_tecnica,https://raw.githubusercontent.com/api6-gif/requiez-catalogo-a26/main/fichas-tecnicas/G18.pdf
G19.pdf,ficha_tecnica,https://raw.githubusercontent.com/api6-gif/requiez-catalogo-a26/main/fichas-tecnicas/G19.pdf
G21.pdf,ficha_tecnica,https://raw.githubusercontent.com/api6-gif/requiez-catalogo-a26/main/fichas-tecnicas/G21.pdf
G22.pdf,ficha_tecnica,https://raw.githubusercontent.com/api6-gif/requiez-catalogo-a26/main/fichas-tecnicas/G22.pdf
G23.pdf,ficha_tecnica,https://raw.githubusercontent.com/api6-gif/requiez-catalogo-a26/main/fichas-tecnicas/G23.pdf
G24.pdf,ficha_tecnica,https://raw.githubusercontent.com/api6-gif/requiez-catalogo-a26/main/fichas-tecnicas/G24.pdf
G25.pdf,ficha_tecnica,https://raw.githubusercontent.com/api6-gif/requiez-catalogo-a26/main/fichas-tecnicas/G25.pdf
G26.pdf,ficha_tecnica,https://raw.githubusercontent.com/api6-gif/requiez-catalogo-a26/main/fichas-tecnicas/G26.pdf
G30.pdf,ficha_tecnica,https://raw.githubusercontent.com/api6-gif/requiez-catalogo-a26/main/fichas-tecnicas/G30.pdf
